{
	"version": 1,
	"changelists": [
		{
			"guid": "00000000000000000000000000000000",
			"description": "Default Uncontrolled Changelist",
			"files": [
				"/Users/kang/Downloads/InfiniteMatrixStarter/CS415/MP1/Content/InfiniteMatrix/Blueprints/BP_Player.uasset",
				"/Users/kang/Downloads/InfiniteMatrixStarter/Content/InfiniteMatrix/Blueprints/BP_Player.uasset",
				"/Users/kang/Downloads/InfiniteMatrixStarter/Content/InfiniteMatrix/Blueprints/BP_TunnelSpawner.uasset",
				"/Users/kang/Downloads/InfiniteMatrixStarter/Content/InfiniteMatrix/Blueprints/BP_Tunnel.uasset",
				"/Users/kang/Downloads/InfiniteMatrixStarter/Content/InfiniteMatrix/Maps/TutorialMap.umap",
				"/Users/kang/Downloads/InfiniteMatrixStarter/Content/InfiniteMatrix/UI/WBP_Restart.uasset",
				"/Users/kang/Downloads/InfiniteMatrixStarter/Content/InfiniteMatrix/UI/WBP_HealthBar.uasset",
				"/Users/kang/Downloads/InfiniteMatrixStarter/Content/InfiniteMatrix/UI/WBP_Score.uasset",
				"/Users/kang/Downloads/InfiniteMatrixStarter/Content/InfiniteMatrix/Blueprints/BP_HealthPack.uasset",
				"/Users/kang/Downloads/InfiniteMatrixStarter/Content/InfiniteMatrix/Blueprints/BP_Enemy.uasset",
				"/Users/kang/Downloads/InfiniteMatrixStarter/Content/InfiniteMatrix/Blueprints/BP_Projectile.uasset",
				"/Users/kang/Downloads/InfiniteMatrixStarter/Content/InfiniteMatrix/Textures/T_healthpack.uasset",
				"/Users/kang/Downloads/InfiniteMatrixStarter/Content/InfiniteMatrix/Textures/M_health.uasset",
				"/Users/kang/Downloads/InfiniteMatrixStarter/Content/InfiniteMatrix/Blueprints/HealthPack.uasset",
				"/Users/kang/Downloads/InfiniteMatrixStarter/Content/InfiniteMatrix/UI/Score.uasset"
			]
		}
	]
}